resp,location,recorded,attendance,lectime,gpa
0,zoom,yes,0,2.083,24.93
1,in-person,yes,5,3.088,124.07
2,in-person,yes,5,1.505,177.02
3,zoom,no,5,3.968,155.58
4,in-person,no,5,2.381,166.36
5,zoom,no,10,0.611,61.98
6,zoom,yes,5,2.665,94.87
7,zoom,yes,10,0.912,14.24
8,zoom,yes,10,1.821,94.04
9,hybrid,yes,10,0.749,102.12
10,zoom,no,0,1.148,146.65
11,in-person,yes,10,3.023,173.34
12,zoom,yes,10,1.955,143.98
13,zoom,yes,10,1.934,116.31
14,hybrid,yes,0,0.333,164.9
15,hybrid,yes,10,3.213,86.08
16,zoom,no,10,2.43,161.88
17,zoom,no,5,1.561,66.04
18,hybrid,no,5,2.896,165.31
19,zoom,no,0,0.758,21.42
20,hybrid,yes,0,3.091,59.58
21,in-person,no,10,1.189,6.8
22,zoom,yes,5,2.724,15.19
23,zoom,yes,0,1.324,175.39
24,zoom,no,10,1.899,137.35
25,zoom,no,10,1.321,13.53
26,in-person,yes,0,3.412,8.82
27,hybrid,yes,0,2.238,137.23
28,zoom,yes,0,3.898,107.44
29,hybrid,no,0,2.415,99.57
30,in-person,no,10,0.1,101.87
31,hybrid,no,5,2.136,106.89
32,in-person,yes,10,1.662,145.34
33,in-person,no,10,0.095,135.77
34,zoom,yes,10,0.749,165.99
35,in-person,no,0,1.483,79.07
36,hybrid,no,10,3.008,1.37
37,zoom,no,10,3.01,59.06
38,zoom,no,0,1.732,4.39
39,in-person,no,0,0.781,81.01
40,in-person,no,0,3.932,130.82
41,hybrid,no,10,1.715,58.41
42,hybrid,yes,0,2.172,110.63
43,in-person,yes,5,0.155,52.09
44,in-person,yes,0,2.639,117.95
45,zoom,yes,0,3.938,98.69
46,hybrid,no,10,0.36,18.86
47,zoom,yes,10,0.806,176.93
48,in-person,no,0,2.827,32.11
49,hybrid,yes,0,1.52,124.94
50,hybrid,no,10,1.523,50.43
51,hybrid,no,10,2.732,45.88
52,in-person,no,5,3.088,33.84
53,zoom,no,10,1.757,98.02
54,in-person,yes,0,0.9,105.54
55,in-person,yes,0,1.764,82.18
56,hybrid,no,0,3.092,134.73
57,zoom,no,0,1.304,124.79
58,in-person,no,0,3.503,90.12
59,hybrid,yes,0,1.646,110.7
60,hybrid,no,10,3.579,83.47
61,hybrid,no,10,0.583,178.47
62,in-person,no,0,3.276,104.36
63,in-person,yes,0,1.489,70.43
64,hybrid,yes,10,3.754,79.82
65,zoom,no,10,0.892,129.47
66,hybrid,yes,10,3.29,43.4
67,in-person,yes,0,0.961,65.94
68,hybrid,yes,5,1.741,99.31
69,in-person,yes,0,3.021,54.02
70,zoom,no,0,2.568,7.64
71,in-person,yes,0,2.177,62.09
72,hybrid,yes,5,2.116,89.08
73,zoom,yes,10,0.496,50.44
74,in-person,no,10,3.984,169.15
75,zoom,no,0,1.12,148.56
76,in-person,no,10,2.339,48.5
77,hybrid,no,5,2.571,49.03
78,zoom,no,0,1.597,156.69
79,in-person,yes,10,0.267,10.47
80,hybrid,no,0,3.63,8.04
81,in-person,no,10,3.238,4.28
82,zoom,no,0,0.463,5.97
83,in-person,no,5,3.74,90.08
84,in-person,no,10,0.37,105.61
85,in-person,no,0,2.43,174.39
86,zoom,no,0,2.225,112.3
87,hybrid,yes,10,3.262,34.29
88,in-person,yes,5,1.968,124.44
89,hybrid,no,10,2.659,39.83
90,zoom,no,0,2.713,169.4
91,zoom,yes,0,0.504,142.88
92,in-person,yes,5,0.514,3.89
93,hybrid,no,0,0.474,112.84
94,zoom,no,5,3.701,13.95
95,in-person,yes,10,3.309,146.56
96,zoom,no,0,1.661,118.1
97,zoom,yes,10,2.519,38.4
98,in-person,no,5,3.598,145.33
99,in-person,no,5,2.692,171.52
100,zoom,no,5,1.605,76.8
101,in-person,yes,0,2.915,147.77
102,in-person,no,0,1.712,113.73
103,hybrid,yes,0,0.754,113.36
104,in-person,no,10,0.535,174.99
105,zoom,yes,5,2.318,171.03
106,hybrid,yes,0,2.831,120.53
107,in-person,no,0,1.11,165.7
108,zoom,no,5,1.991,32.14
109,hybrid,yes,5,2.924,167.62
110,hybrid,no,10,1.407,61.81
111,hybrid,yes,10,3.077,79.11
112,hybrid,yes,5,0.879,62.28
113,hybrid,no,10,1.332,0.44
114,zoom,yes,5,2.798,137.73
115,in-person,yes,5,0.887,59.75
116,in-person,yes,10,3.17,62.79
117,hybrid,yes,10,0.811,37.12
118,hybrid,no,0,2.62,52.13
119,zoom,yes,5,2.166,35.12
120,zoom,no,10,1.837,120.93
121,zoom,no,0,1.846,142.78
122,in-person,yes,0,0.593,63.19
123,in-person,no,5,1.177,86.24
124,in-person,no,0,3.932,78.46
125,in-person,no,5,3.289,50.86
126,hybrid,yes,0,0.161,48.11
127,hybrid,no,10,2.197,6.89
128,in-person,yes,5,3.967,173.59
129,hybrid,yes,5,2.781,56.39
130,in-person,no,5,0.724,10.34
131,hybrid,yes,5,1.73,132.28
132,hybrid,yes,5,2.213,148.92
133,hybrid,yes,0,0.644,118.71
134,hybrid,no,5,3.231,74.49
135,zoom,yes,10,0.705,111.26
136,in-person,no,5,3.857,47.58
137,zoom,yes,5,2.588,91.28
138,hybrid,no,5,0.806,60.94
139,in-person,no,10,2.756,143.24
140,zoom,yes,5,0.647,126.61
141,zoom,no,5,1.661,94.58
142,zoom,yes,0,3.573,121.82
143,hybrid,no,5,3.682,19.77
144,hybrid,no,0,2.216,156.25
145,hybrid,yes,0,1.105,67.94
146,hybrid,no,0,3.325,37.59
147,zoom,no,5,2.49,148.43
148,in-person,yes,0,0.604,60.01
149,hybrid,yes,0,2.644,86.73
150,in-person,yes,5,2.904,94.69
151,in-person,no,10,2.021,128.84
152,zoom,no,10,1.343,9.19
153,hybrid,no,10,2.344,168.22
154,hybrid,no,5,0.546,51.32
155,zoom,no,0,0.194,66.45
156,in-person,yes,10,1.002,137.33
157,hybrid,no,5,3.496,24.22
158,hybrid,no,5,0.611,81.93
159,zoom,no,5,3.601,106.13
160,hybrid,yes,10,3.401,101.63
161,zoom,no,0,3.652,156.8
162,hybrid,no,0,1.246,106.64
163,in-person,no,10,0.395,125.09
164,zoom,yes,10,0.571,147.67
165,zoom,no,5,2.081,128.49
166,in-person,yes,0,2.976,30.13
167,zoom,yes,10,0.424,5.49
168,in-person,yes,0,1.964,86.97
169,zoom,no,10,3.515,165.48
170,zoom,yes,10,3.2,36.22
171,zoom,no,0,2.15,45.42
172,zoom,no,0,1.18,71.01
173,in-person,no,5,1.053,11.28
174,hybrid,no,5,3.993,127.98
175,hybrid,no,0,1.98,91.39
176,in-person,no,5,3.485,113.19
177,hybrid,no,5,1.112,57.71
178,in-person,yes,5,1.205,78.02
179,hybrid,yes,5,0.915,38.35
180,hybrid,yes,0,2.459,152.81
181,in-person,no,0,3.869,54.8
182,zoom,no,0,3.97,55.07
183,in-person,no,5,3.929,151.91
184,zoom,yes,10,0.289,175.54
185,in-person,yes,10,2.735,129.71
186,in-person,no,5,0.715,127.73
187,hybrid,no,10,0.02,69.25
188,hybrid,yes,0,1.272,48.78
189,in-person,yes,10,3.473,10.21
190,zoom,yes,5,1.209,41.98
191,zoom,no,5,2.419,21.98
192,hybrid,no,0,0.278,72.53
193,hybrid,no,0,3.806,134.38
194,zoom,no,5,1.698,59.75
195,in-person,no,10,3.084,124.15
196,zoom,yes,10,2.668,112.78
197,hybrid,no,0,3.763,97.96
198,in-person,yes,0,2.745,126.69
199,in-person,yes,0,1.063,20.4
200,hybrid,yes,0,1.838,102.78
201,in-person,no,0,2.991,91.94
202,zoom,no,10,1.617,14.98
203,in-person,yes,0,2.936,89.13
204,zoom,yes,10,2.819,105.87
205,zoom,yes,10,2.834,32.62
206,in-person,no,5,1.834,25.94
207,zoom,no,0,0.481,102.64
208,hybrid,no,0,0.367,35.2
209,zoom,yes,10,2.892,132.74
210,in-person,yes,0,0.381,92.26
211,in-person,no,5,3.745,153.07
212,in-person,yes,5,2.551,6.79
213,hybrid,no,0,1.816,155.81
214,zoom,yes,10,1.751,113.26
215,in-person,no,0,2.046,14.34
216,hybrid,yes,0,3.482,104.04
217,hybrid,no,10,2.352,124.63
218,hybrid,yes,0,2.77,96.57
219,hybrid,no,10,3.356,27.95
220,in-person,no,0,1.793,15.05
221,in-person,no,10,3.236,99.33
222,hybrid,no,10,2.248,119.15
223,zoom,no,0,2.951,118.64
224,hybrid,yes,10,2.076,116.25
225,hybrid,yes,5,1.216,126.8
226,in-person,no,5,2.318,135.32
227,in-person,yes,10,1.899,64.91
228,zoom,no,10,1.319,50.91
229,hybrid,yes,5,3.796,176.07
230,in-person,yes,10,0.563,130.79
231,in-person,yes,0,3.776,121.99
232,hybrid,yes,10,3.585,85.27
233,hybrid,no,10,1.117,77.15
234,zoom,no,5,2.963,60.08
235,zoom,yes,5,3.969,94.32
236,zoom,no,10,1.033,173.84
237,in-person,no,5,1.873,57.71
238,in-person,yes,10,0.39,169.0
239,hybrid,no,0,3.692,105.91
240,zoom,no,5,0.006,171.8
241,in-person,yes,5,2.748,124.06
242,in-person,no,5,3.085,68.73
243,hybrid,no,0,0.228,179.86
244,hybrid,yes,10,0.102,40.92
245,in-person,no,10,0.01,108.68
246,hybrid,yes,5,3.367,157.55
247,in-person,yes,5,2.85,168.86
248,in-person,no,5,1.303,6.22
249,zoom,yes,0,1.691,97.38
250,in-person,no,5,2.108,68.05
251,hybrid,yes,5,2.648,20.83
252,in-person,no,0,3.312,169.36
253,hybrid,no,10,3.143,57.89
254,zoom,no,10,2.348,108.89
255,in-person,yes,0,2.615,167.04
256,hybrid,no,10,2.752,74.79
257,in-person,yes,0,3.274,43.61
258,in-person,no,10,1.82,173.32
259,in-person,no,0,1.46,20.09
260,in-person,no,5,2.237,65.95
261,in-person,no,10,0.937,14.3
262,hybrid,no,5,2.576,105.94
263,hybrid,no,10,1.645,150.58
264,zoom,no,10,3.235,20.43
265,zoom,no,5,1.061,36.15
266,zoom,no,10,3.863,111.7
267,in-person,no,0,0.268,119.96
268,in-person,no,0,3.938,147.95
269,zoom,no,5,0.563,109.82
270,zoom,yes,5,0.3,158.87
271,zoom,no,10,1.554,121.89
272,hybrid,yes,10,1.559,132.04
273,hybrid,no,5,0.838,149.01
274,in-person,no,5,2.999,169.99
275,in-person,no,5,0.663,176.64
276,zoom,yes,5,2.406,134.66
277,zoom,no,5,1.395,115.0
278,hybrid,yes,10,0.292,166.23
279,hybrid,yes,10,2.405,80.8
280,in-person,yes,0,2.665,98.71
281,hybrid,yes,5,3.031,159.83
282,in-person,yes,0,3.208,166.0
283,in-person,yes,10,0.517,54.86
284,zoom,yes,5,2.34,48.09
285,hybrid,yes,0,2.798,58.49
286,hybrid,yes,5,2.477,29.68
287,hybrid,no,0,1.443,14.2
288,zoom,yes,0,0.428,77.41
289,zoom,no,5,1.648,50.34
290,zoom,no,0,3.338,44.11
291,zoom,yes,5,3.181,60.04
292,zoom,no,0,2.326,27.35
293,in-person,yes,0,2.555,150.88
294,hybrid,no,5,2.496,159.52
295,zoom,no,0,0.833,137.27
296,in-person,no,10,1.732,151.54
297,zoom,yes,10,3.1,165.43
298,in-person,yes,5,2.079,26.23
299,zoom,yes,0,3.851,30.51
300,in-person,no,5,1.188,32.6
301,in-person,yes,10,0.471,104.38
302,hybrid,yes,0,0.658,114.95
303,hybrid,yes,0,1.319,10.62
304,hybrid,no,10,0.549,69.55
305,in-person,no,10,0.795,149.99
306,in-person,no,10,1.02,85.69
307,in-person,yes,10,0.955,55.41
308,zoom,no,0,3.893,128.17
309,zoom,no,10,0.311,55.7
310,in-person,no,10,0.99,179.87
311,in-person,no,0,1.771,19.99
312,zoom,no,5,0.865,16.01
313,hybrid,no,10,0.245,2.1
314,in-person,yes,10,1.524,95.42
315,zoom,yes,0,0.356,74.41
316,in-person,no,0,2.795,64.49
317,in-person,no,5,2.081,93.84
318,zoom,no,0,2.794,160.8
319,hybrid,no,0,1.345,34.25
320,in-person,yes,5,1.971,148.5
321,in-person,no,5,3.035,120.66
322,in-person,no,0,3.679,30.82
323,zoom,no,5,3.924,37.9
324,in-person,yes,10,0.459,3.72
325,hybrid,no,5,2.257,151.28
326,zoom,yes,10,3.987,2.47
327,hybrid,yes,5,3.815,126.31
328,in-person,yes,5,1.536,0.22
329,in-person,no,0,1.864,14.75
330,zoom,no,5,3.251,149.63
331,in-person,no,10,0.154,19.75
332,in-person,no,5,2.364,156.47
333,hybrid,no,0,1.73,75.53
334,in-person,yes,5,3.557,143.32
335,hybrid,yes,0,3.123,168.58
336,in-person,no,5,2.294,133.59
337,zoom,yes,10,0.648,134.65
338,zoom,no,10,2.911,147.51
339,hybrid,no,0,2.479,64.84
340,hybrid,no,5,0.704,91.34
341,in-person,yes,5,0.45,165.77
342,in-person,no,10,1.199,164.93
343,zoom,no,0,0.099,24.12
344,in-person,yes,0,0.706,151.85
345,in-person,yes,0,3.879,38.82
346,zoom,no,10,0.614,78.22
347,in-person,no,5,2.528,167.43
348,hybrid,no,5,1.782,176.42
349,in-person,yes,5,0.295,58.2
350,zoom,no,5,2.065,76.47
351,in-person,yes,10,0.315,27.62
352,zoom,no,0,1.911,76.29
353,in-person,no,5,3.511,162.82
354,zoom,yes,0,3.096,145.41
355,hybrid,yes,0,2.899,9.49
356,hybrid,no,0,0.361,105.27
357,hybrid,yes,0,2.114,175.99
358,in-person,no,0,1.003,25.1
359,hybrid,no,5,3.575,17.38
360,zoom,no,0,1.123,91.65
361,in-person,yes,10,0.886,68.85
362,zoom,yes,0,2.326,129.47
363,zoom,yes,0,1.618,79.49
364,zoom,no,0,0.655,102.82
365,in-person,yes,5,0.462,48.21
366,hybrid,no,0,3.012,175.68
367,in-person,no,0,2.174,48.65
368,in-person,no,10,0.017,26.05
369,hybrid,no,0,0.806,164.26
370,hybrid,yes,0,2.275,35.54
371,in-person,no,5,3.388,120.34
372,in-person,no,5,0.7,6.65
373,zoom,no,0,3.725,152.06
374,zoom,yes,5,1.868,131.33
375,hybrid,no,5,1.53,36.15
376,hybrid,yes,10,2.781,22.36
377,hybrid,no,10,1.281,134.84
378,hybrid,no,5,1.397,143.8
379,zoom,no,0,0.784,80.93
380,zoom,no,5,1.441,57.21
381,zoom,no,10,2.302,54.76
382,zoom,no,5,0.288,19.91
383,hybrid,no,5,2.94,162.47
384,in-person,yes,10,0.727,84.6
385,zoom,yes,10,0.487,119.44
386,hybrid,no,0,1.563,161.92
387,hybrid,yes,5,3.925,114.33
388,in-person,no,5,1.093,136.24
389,in-person,no,10,3.51,2.32
390,in-person,no,5,3.907,136.78
391,in-person,yes,10,3.192,39.33
392,zoom,no,5,3.458,66.52
393,hybrid,yes,5,0.167,162.54
394,zoom,no,0,2.531,139.12
395,zoom,no,0,2.683,22.48
396,hybrid,yes,5,1.259,130.42
397,hybrid,no,5,1.862,123.58
398,hybrid,yes,5,2.075,126.72
399,zoom,no,0,3.525,72.66
400,hybrid,no,5,3.667,1.82
401,zoom,yes,5,3.995,88.07
402,zoom,yes,10,1.373,3.0
403,zoom,yes,10,3.718,61.17
404,zoom,no,10,1.609,124.17
405,in-person,no,0,0.678,75.56
406,hybrid,yes,10,1.698,113.45
407,zoom,no,5,0.121,169.93
408,in-person,yes,10,2.468,28.71
409,in-person,yes,0,2.749,96.48
410,hybrid,yes,5,3.462,105.07
411,hybrid,no,5,1.711,91.12
412,in-person,no,0,2.538,24.81
413,in-person,yes,0,1.673,127.94
414,in-person,yes,0,2.679,134.08
415,hybrid,no,10,1.876,126.74
416,zoom,yes,5,2.621,44.16
417,in-person,yes,0,3.606,94.76
418,zoom,no,0,1.551,127.48
419,in-person,yes,0,0.472,37.51
420,zoom,yes,0,3.231,73.57
421,zoom,yes,5,3.582,84.96
422,hybrid,no,5,1.06,21.2
423,in-person,yes,10,1.619,132.1
424,zoom,yes,10,1.943,90.77
425,zoom,no,5,0.482,19.22
426,in-person,yes,10,2.941,125.64
427,zoom,yes,0,0.162,100.27
428,zoom,no,0,3.538,19.0
429,hybrid,no,5,2.946,101.86
430,zoom,yes,10,3.235,86.61
431,in-person,no,10,1.608,169.51
432,zoom,no,5,1.217,102.48
433,in-person,yes,10,3.237,147.87
434,in-person,yes,5,1.519,103.75
435,zoom,yes,10,0.67,162.06
436,in-person,no,10,1.689,164.39
437,hybrid,no,5,1.112,176.03
438,zoom,yes,5,3.922,136.27
439,hybrid,no,5,0.261,61.83
440,zoom,no,5,3.665,55.97
441,hybrid,no,0,1.689,32.4
442,zoom,no,0,3.998,26.34
443,in-person,no,5,0.834,104.15
444,zoom,no,0,3.709,178.39
445,hybrid,no,5,0.981,46.54
446,in-person,no,0,2.799,33.06
447,in-person,no,10,1.292,69.45
448,hybrid,yes,5,2.215,155.75
449,in-person,no,5,2.505,117.51
450,in-person,no,5,1.171,5.24
451,in-person,yes,0,0.885,136.05
452,hybrid,no,0,1.897,11.8
453,in-person,no,5,1.735,61.5
454,hybrid,no,10,1.777,115.82
455,in-person,no,0,3.228,125.87
456,zoom,no,5,1.033,80.44
457,in-person,yes,5,1.332,99.63
458,in-person,yes,10,0.569,173.49
459,in-person,no,5,2.701,117.31
460,in-person,no,0,3.538,83.9
461,hybrid,yes,0,2.821,153.76
462,in-person,yes,10,0.11,128.51
463,zoom,no,0,2.931,135.16
464,zoom,yes,10,1.416,119.78
465,in-person,no,10,2.678,106.33
466,in-person,no,10,3.104,65.32
467,in-person,no,0,0.349,99.84
468,hybrid,no,10,3.779,40.57
469,hybrid,yes,10,2.073,47.44
470,in-person,yes,5,3.202,114.88
471,hybrid,yes,5,0.346,133.57
472,in-person,yes,0,3.313,151.91
473,zoom,no,10,2.502,3.6
474,hybrid,no,10,0.513,2.92
475,zoom,yes,5,3.415,82.81
476,hybrid,yes,5,3.533,105.75
477,hybrid,yes,5,0.037,132.23
478,in-person,no,5,3.155,15.96
479,zoom,no,0,3.544,0.86
480,in-person,yes,10,0.588,113.07
481,hybrid,yes,0,0.897,63.58
482,in-person,no,5,2.452,127.41
483,hybrid,yes,5,2.801,81.54
484,in-person,no,0,2.685,70.01
485,hybrid,yes,10,0.107,52.99
486,hybrid,no,10,1.681,63.91
487,in-person,yes,0,2.243,179.79
488,hybrid,no,0,3.843,65.89
489,zoom,no,0,2.472,166.73
490,in-person,yes,5,3.968,110.16
491,zoom,no,0,2.235,131.68
492,zoom,no,5,1.612,8.38
493,hybrid,no,0,2.438,16.78
494,zoom,no,5,2.597,139.63
495,zoom,no,0,3.144,49.18
496,zoom,no,0,0.53,128.18
497,zoom,no,0,1.193,63.3
498,in-person,no,10,2.929,40.87
499,hybrid,no,5,1.984,151.96
500,in-person,yes,5,2.051,21.25
501,zoom,no,10,1.064,102.73
502,zoom,yes,5,2.163,102.37
503,in-person,yes,10,0.073,90.59
504,in-person,no,5,2.712,117.39
505,in-person,no,0,0.793,37.49
506,in-person,yes,10,3.309,43.45
507,zoom,no,5,0.06,96.06
508,hybrid,yes,10,3.999,88.31
509,in-person,yes,5,3.447,80.7
510,zoom,no,0,0.197,33.77
511,in-person,no,10,1.737,91.07
512,zoom,yes,10,1.635,15.05
513,hybrid,yes,10,1.776,162.35
514,zoom,no,10,1.666,123.86
515,hybrid,no,5,3.213,71.92
516,in-person,no,5,1.334,9.97
517,in-person,yes,5,0.202,55.91
518,zoom,yes,5,2.897,76.92
519,hybrid,yes,10,2.16,31.68
520,hybrid,no,10,2.022,156.42
521,zoom,no,5,0.984,142.51
522,zoom,yes,10,1.162,37.75
523,hybrid,yes,0,1.068,112.3
524,zoom,no,10,3.64,34.66
525,zoom,yes,10,3.742,120.61
526,in-person,yes,0,2.917,125.63
527,in-person,yes,10,2.374,17.76
528,zoom,no,10,0.43,43.62
529,zoom,no,10,0.337,148.77
530,in-person,yes,5,2.86,136.43
531,in-person,no,5,2.598,173.2
532,in-person,no,0,0.032,123.52
533,in-person,yes,5,0.159,106.99
534,zoom,no,0,3.364,110.86
535,hybrid,yes,0,2.538,71.94
536,in-person,yes,10,2.484,121.09
537,in-person,no,0,1.897,116.38
538,zoom,no,5,1.544,84.94
539,zoom,no,5,1.721,114.1
540,in-person,yes,10,0.184,69.4
541,hybrid,no,10,0.768,34.17
542,zoom,no,10,3.749,63.28
543,hybrid,yes,10,1.788,21.26
544,hybrid,yes,10,3.057,56.46
545,zoom,no,0,2.992,152.14
546,zoom,yes,5,1.282,161.55
547,in-person,no,10,1.561,98.38
548,hybrid,no,5,2.818,177.78
549,zoom,yes,0,3.221,26.25
550,in-person,no,5,1.774,52.71
551,hybrid,yes,0,2.947,131.36
552,in-person,no,0,1.439,68.17
553,zoom,yes,10,1.577,71.55
554,hybrid,yes,0,0.91,64.54
555,zoom,yes,5,0.672,145.12
556,hybrid,no,0,0.152,75.87
557,zoom,yes,5,2.072,128.04
558,zoom,no,0,0.534,119.52
559,zoom,no,5,2.214,58.65
560,zoom,yes,10,2.153,36.81
561,in-person,no,5,2.795,116.34
562,hybrid,no,0,3.208,158.17
563,hybrid,no,10,3.258,73.65
564,hybrid,no,10,1.025,12.46
565,zoom,no,10,1.375,32.28
566,in-person,yes,5,1.696,54.26
567,hybrid,no,10,3.588,37.4
568,in-person,yes,0,3.196,22.39
569,zoom,no,5,1.266,159.86
570,in-person,yes,5,1.507,95.28
571,in-person,yes,5,0.836,136.72
572,zoom,no,5,1.955,95.71
573,hybrid,yes,0,0.358,103.35
574,hybrid,no,5,1.158,5.41
575,zoom,yes,0,1.192,54.0
576,in-person,no,0,3.821,48.74
577,hybrid,no,0,0.536,42.36
578,zoom,yes,5,1.727,40.32
579,hybrid,yes,5,0.446,32.55
580,hybrid,yes,5,2.025,142.75
581,zoom,no,5,2.706,43.51
582,in-person,yes,10,3.097,99.41
583,hybrid,no,10,0.716,64.36
584,in-person,no,0,3.494,158.86
585,in-person,no,5,0.997,150.3
586,in-person,yes,10,1.471,65.2
587,in-person,yes,10,1.982,13.03
588,in-person,yes,10,1.378,98.84
589,in-person,yes,5,0.154,101.37
590,hybrid,yes,0,3.425,118.13
591,zoom,yes,0,0.854,40.97
592,hybrid,no,10,3.857,146.11
593,in-person,yes,10,3.742,163.03
594,zoom,yes,10,0.011,85.51
595,in-person,yes,0,2.094,83.18
596,hybrid,yes,5,1.678,79.2
597,in-person,yes,5,1.808,65.83
598,in-person,no,10,1.522,130.68
599,in-person,yes,0,3.653,96.17
600,zoom,no,5,2.33,122.4
601,zoom,yes,10,3.97,55.66
602,zoom,yes,10,0.385,119.61
603,in-person,yes,0,2.801,52.5
604,zoom,no,0,2.491,42.04
605,hybrid,yes,0,0.228,119.15
606,hybrid,no,10,1.708,59.47
607,zoom,no,0,2.996,124.28
608,hybrid,yes,5,3.44,51.15
609,in-person,no,0,0.616,12.6
610,zoom,yes,5,3.679,42.62
611,hybrid,no,0,1.413,156.8
612,hybrid,yes,5,3.207,128.48
613,zoom,no,0,0.703,157.9
614,hybrid,yes,10,1.856,93.48
615,hybrid,yes,0,3.494,0.28
616,in-person,yes,0,3.407,2.22
617,hybrid,no,10,1.033,79.87
618,in-person,no,10,3.236,159.1
619,zoom,no,5,0.55,70.56
620,in-person,yes,5,0.678,153.52
621,hybrid,yes,10,2.119,143.58
622,hybrid,yes,5,0.758,22.3
623,zoom,no,5,3.119,63.36
624,hybrid,yes,0,2.112,144.44
625,hybrid,yes,0,0.92,49.28
626,in-person,yes,5,0.945,19.99
627,hybrid,no,5,0.038,120.77
628,zoom,yes,5,3.137,161.58
629,hybrid,yes,5,3.943,102.32
630,hybrid,yes,0,2.73,148.27
631,in-person,no,0,2.476,118.27
632,zoom,yes,10,0.789,53.42
633,in-person,yes,5,1.334,15.8
634,in-person,no,5,0.754,156.21
635,in-person,no,5,2.07,110.35
636,hybrid,yes,0,3.394,105.99
637,zoom,yes,0,3.767,125.14
638,hybrid,no,5,3.695,15.1
639,zoom,yes,0,0.956,85.13
640,zoom,yes,0,3.667,41.72
641,hybrid,no,5,1.767,42.63
642,zoom,no,10,1.148,135.77
643,hybrid,no,0,2.38,139.67
644,hybrid,no,10,1.742,112.74
645,zoom,no,0,3.135,179.18
646,in-person,no,5,3.508,138.1
647,hybrid,no,5,2.779,44.19
648,in-person,yes,10,1.206,177.47
649,zoom,no,10,3.043,6.32
650,hybrid,no,5,3.573,165.68
651,zoom,yes,10,1.248,163.17
652,in-person,no,0,1.808,104.56
653,in-person,no,5,0.14,4.62
654,in-person,no,10,0.231,119.06
655,in-person,no,10,3.295,47.37
656,in-person,no,5,1.848,92.04
657,hybrid,no,0,0.635,20.76
658,hybrid,yes,5,0.708,15.22
659,hybrid,no,0,2.339,104.17
660,hybrid,yes,10,1.399,32.28
661,in-person,no,10,0.668,60.13
662,zoom,yes,0,2.794,90.97
663,zoom,yes,0,1.71,54.0
664,in-person,no,0,1.657,9.13
665,in-person,no,0,2.518,164.86
666,hybrid,yes,0,2.17,139.49
667,zoom,no,0,1.787,63.35
668,in-person,yes,5,3.128,18.65
669,hybrid,yes,10,2.979,153.61
670,hybrid,no,5,1.473,96.71
671,in-person,yes,10,3.695,62.44
672,in-person,no,0,2.194,60.49
673,hybrid,yes,0,1.355,154.66
674,hybrid,no,5,3.839,178.17
675,zoom,no,10,1.73,65.62
676,in-person,yes,5,3.613,120.02
677,zoom,no,0,0.195,72.69
678,in-person,no,5,3.203,93.13
679,zoom,yes,10,0.93,108.49
680,zoom,no,10,0.965,97.71
681,hybrid,yes,0,0.204,70.46
682,in-person,yes,0,0.508,10.28
683,hybrid,yes,0,2.462,60.84
684,hybrid,yes,10,2.413,99.99
685,zoom,no,10,0.307,106.29
686,in-person,no,5,2.415,78.83
687,zoom,yes,5,1.037,99.94
688,hybrid,yes,5,2.713,135.8
689,hybrid,no,10,3.588,100.13
690,in-person,no,5,0.3,175.48
691,zoom,yes,5,2.736,66.3
692,zoom,yes,5,2.227,18.21
693,in-person,no,5,1.619,67.39
694,hybrid,yes,0,3.437,56.88
695,in-person,no,10,3.181,14.12
696,hybrid,yes,5,0.605,48.74
697,in-person,yes,10,2.853,34.32
698,zoom,no,5,0.87,18.01
699,hybrid,yes,5,0.798,119.87
700,hybrid,no,0,1.031,124.21
701,zoom,yes,5,2.081,66.99
702,in-person,yes,10,1.542,53.35
703,hybrid,yes,5,0.763,163.85
704,hybrid,no,5,3.761,52.11
705,zoom,no,0,0.934,160.27
706,in-person,no,10,3.327,91.12
707,hybrid,yes,10,1.763,151.58
708,zoom,no,5,2.142,14.3
709,hybrid,yes,10,3.984,40.1
710,in-person,no,5,1.926,53.96
711,hybrid,no,0,0.367,81.81
712,zoom,no,10,3.108,131.55
713,zoom,yes,10,3.925,104.71
714,zoom,yes,10,3.576,44.9
715,hybrid,no,0,1.263,38.52
716,zoom,yes,0,2.117,13.99
717,hybrid,yes,10,3.685,163.68
718,zoom,no,5,0.668,79.13
719,in-person,yes,5,1.701,80.82
720,in-person,yes,10,0.224,133.78
721,hybrid,yes,0,1.981,128.66
722,hybrid,yes,10,3.04,43.0
723,hybrid,yes,10,2.346,73.28
724,zoom,yes,10,2.864,83.57
725,zoom,no,0,1.057,32.49
726,in-person,no,10,2.305,101.04
727,hybrid,yes,10,2.112,59.76
728,hybrid,no,0,3.772,165.46
729,in-person,no,0,2.029,126.81
730,in-person,no,0,3.202,23.95
731,in-person,yes,0,1.91,47.32
732,hybrid,yes,0,3.105,116.34
733,hybrid,yes,0,2.252,41.1
734,zoom,no,10,2.261,106.45
735,zoom,no,0,3.761,163.22
736,zoom,yes,0,3.824,158.55
737,hybrid,yes,0,1.556,58.81
738,zoom,no,0,0.852,24.23
739,zoom,yes,0,3.952,147.51
740,hybrid,yes,5,2.97,154.89
741,hybrid,yes,5,1.842,151.91
742,in-person,no,10,2.988,119.08
743,zoom,yes,10,0.804,178.85
744,zoom,no,0,3.891,106.13
745,zoom,no,0,3.961,22.69
746,hybrid,yes,0,0.533,125.67
747,in-person,no,10,2.059,64.55
748,hybrid,yes,5,1.247,163.11
749,zoom,yes,0,1.997,55.53
750,hybrid,no,10,3.133,164.27
751,hybrid,no,0,1.187,66.63
752,zoom,no,10,0.981,98.96
753,zoom,no,0,1.685,165.12
754,zoom,no,0,2.195,158.52
755,zoom,yes,5,0.087,116.19
756,in-person,no,10,0.91,88.52
757,in-person,no,5,3.875,105.84
758,hybrid,yes,10,0.589,142.55
759,hybrid,no,0,3.876,80.77
760,zoom,yes,0,1.345,59.32
761,zoom,no,10,0.253,148.51
762,in-person,no,0,0.824,173.73
763,zoom,no,5,1.802,164.63
764,zoom,yes,0,1.077,31.71
765,hybrid,no,5,1.912,146.82
766,zoom,yes,5,0.702,153.8
767,zoom,yes,0,0.247,47.56
768,hybrid,yes,10,1.888,149.4
769,zoom,yes,5,0.458,0.18
770,in-person,yes,5,2.313,21.06
771,in-person,yes,10,0.455,5.74
772,in-person,yes,0,2.001,80.11
773,in-person,yes,0,2.923,150.06
774,in-person,yes,10,0.78,44.98
775,in-person,no,10,2.089,162.38
776,in-person,yes,5,1.908,151.72
777,zoom,no,0,1.998,134.44
778,in-person,no,5,3.051,15.9
779,hybrid,yes,0,2.462,18.08
780,zoom,yes,5,3.898,23.52
781,hybrid,no,5,0.691,45.42
782,in-person,yes,5,1.835,172.63
783,zoom,no,0,1.029,166.65
784,in-person,no,10,2.615,108.65
785,zoom,yes,0,2.34,165.56
786,hybrid,yes,10,2.127,167.99
787,in-person,no,10,1.484,112.16
788,zoom,yes,0,1.478,3.11
789,hybrid,no,5,3.714,162.75
790,hybrid,no,10,2.765,16.47
791,zoom,no,10,2.958,175.54
792,zoom,no,0,2.067,47.04
793,hybrid,no,0,0.521,109.93
794,in-person,yes,0,0.87,109.52
795,in-person,no,5,1.819,167.93
796,hybrid,no,5,0.81,64.26
797,zoom,yes,5,3.945,96.5
798,in-person,no,5,0.59,108.21
799,in-person,no,10,2.075,21.13
800,in-person,yes,10,3.208,145.14
801,in-person,yes,0,0.518,127.22
802,hybrid,yes,10,2.675,115.29
803,in-person,no,0,3.498,72.11
804,hybrid,no,10,0.977,25.48
805,zoom,yes,10,1.5,19.82
806,in-person,yes,10,0.516,123.51
807,zoom,no,0,1.429,99.41
808,zoom,no,5,0.192,176.6
809,in-person,no,0,3.606,170.37
810,zoom,yes,0,1.021,46.03
811,in-person,no,10,0.725,37.98
812,in-person,no,10,0.178,25.23
813,in-person,yes,10,3.397,29.93
814,in-person,no,0,2.876,3.36
815,hybrid,no,10,1.347,161.74
816,in-person,yes,5,1.598,88.6
817,in-person,yes,0,3.18,93.04
818,in-person,yes,10,2.602,65.42
819,zoom,no,5,1.486,143.91
820,zoom,no,0,3.063,136.03
821,zoom,yes,5,2.257,27.8
822,hybrid,yes,0,2.084,63.29
823,in-person,no,0,3.487,93.38
824,zoom,no,5,2.25,42.2
825,hybrid,yes,5,3.599,165.77
826,in-person,no,10,0.685,27.76
827,hybrid,yes,0,3.867,116.13
828,zoom,yes,0,3.278,24.42
829,in-person,no,10,2.844,170.86
830,hybrid,no,0,2.504,143.83
831,in-person,yes,5,1.917,138.08
832,zoom,no,10,1.298,89.58
833,hybrid,no,5,2.469,165.17
834,zoom,yes,10,2.124,65.44
835,in-person,no,5,0.213,145.41
836,hybrid,no,10,0.131,115.87
837,hybrid,yes,0,0.073,54.12
838,zoom,no,0,2.004,86.03
839,zoom,yes,5,3.011,42.25
840,in-person,yes,10,0.077,31.87
841,in-person,no,5,3.312,100.45
842,in-person,no,0,1.005,15.77
843,in-person,no,10,2.308,146.31
844,hybrid,yes,5,0.248,79.11
845,in-person,no,10,1.791,161.08
846,in-person,no,10,0.464,23.55
847,in-person,no,10,0.348,67.03
848,in-person,no,5,0.569,88.31
849,in-person,no,5,3.676,18.58
850,zoom,no,10,3.816,54.19
851,zoom,yes,10,1.933,10.12
852,zoom,yes,0,0.458,38.42
853,hybrid,yes,10,1.037,100.47
854,in-person,no,0,3.54,26.64
855,hybrid,yes,10,1.625,70.29
856,in-person,no,0,0.568,105.14
857,zoom,no,5,2.146,93.7
858,hybrid,no,5,2.536,173.26
859,zoom,no,5,2.354,144.15
860,zoom,yes,10,0.458,174.49
861,in-person,yes,5,2.278,172.5
862,hybrid,no,10,1.09,5.49
863,in-person,yes,0,2.548,46.05
864,zoom,no,0,2.676,9.88
865,zoom,no,10,2.585,7.67
866,hybrid,yes,0,0.963,28.24
867,in-person,yes,0,3.967,168.99
868,hybrid,no,0,1.618,45.32
869,zoom,yes,0,2.855,37.09
870,in-person,yes,5,1.637,8.31
871,zoom,yes,10,0.771,14.9
872,zoom,no,5,2.037,102.81
873,hybrid,no,0,1.424,162.06
874,zoom,no,5,0.305,138.16
875,zoom,yes,10,1.205,141.68
876,in-person,no,0,3.865,34.43
877,zoom,no,5,1.145,105.46
878,zoom,no,0,0.12,103.02
879,hybrid,yes,10,2.556,124.19
880,in-person,yes,5,0.401,93.86
881,hybrid,no,0,0.464,113.77
882,hybrid,no,5,3.599,86.55
883,zoom,yes,0,1.132,47.85
884,zoom,yes,5,2.803,16.55
885,hybrid,yes,0,0.135,94.65
886,in-person,yes,5,1.988,143.37
887,in-person,yes,5,3.788,34.5
888,zoom,no,5,3.436,26.08
889,zoom,yes,5,1.172,92.64
890,hybrid,yes,10,3.95,41.74
891,zoom,no,10,3.399,24.83
892,zoom,no,5,3.534,58.73
893,in-person,no,5,2.403,106.44
894,in-person,yes,5,0.108,167.33
895,zoom,no,0,3.019,91.94
896,in-person,yes,0,3.212,56.95
897,zoom,yes,5,2.811,168.34
898,in-person,no,10,3.87,87.34
899,in-person,no,0,2.814,110.57
900,hybrid,yes,10,2.06,84.92
901,hybrid,yes,5,1.838,83.7
902,in-person,no,10,2.417,170.6
903,in-person,yes,10,3.245,90.55
904,hybrid,yes,5,1.368,147.47
905,in-person,yes,10,1.409,6.0
906,hybrid,no,5,1.791,41.11
907,in-person,yes,10,0.199,106.85
908,zoom,yes,10,0.564,174.92
909,in-person,yes,10,3.847,107.38
910,zoom,yes,5,2.41,179.84
911,hybrid,yes,0,2.0,173.87
912,in-person,yes,0,3.054,85.01
913,zoom,yes,10,1.795,91.34
914,in-person,yes,5,0.918,63.78
915,zoom,yes,0,3.088,23.01
916,hybrid,yes,5,1.392,86.87
917,in-person,yes,10,2.408,66.16
918,hybrid,no,10,2.72,69.22
919,hybrid,yes,0,2.265,68.26
920,hybrid,yes,0,0.747,68.02
921,in-person,no,10,2.965,179.93
922,in-person,yes,0,1.102,161.38
923,hybrid,yes,0,3.807,132.87
924,hybrid,yes,10,0.474,139.9
925,in-person,no,5,1.052,9.43
926,zoom,yes,5,0.038,28.8
927,zoom,yes,0,1.989,93.4
928,in-person,no,10,2.321,108.79
929,zoom,yes,0,2.169,138.31
930,zoom,yes,10,3.513,41.04
931,in-person,no,5,2.542,152.27
932,zoom,no,5,0.874,94.89
933,zoom,no,10,2.575,116.74
934,hybrid,yes,0,0.159,125.75
935,in-person,no,10,0.652,51.87
936,in-person,yes,0,2.566,168.05
937,zoom,yes,0,1.905,34.13
938,hybrid,yes,5,0.807,50.99
939,in-person,no,5,3.546,73.74
940,zoom,yes,0,0.1,67.35
941,zoom,no,0,3.369,157.72
942,zoom,yes,5,2.68,95.2
943,in-person,yes,5,2.162,66.35
944,zoom,no,10,2.816,121.34
945,in-person,yes,0,3.649,138.2
946,in-person,no,0,1.994,15.08
947,hybrid,no,10,3.293,112.02
948,zoom,no,5,2.98,84.77
949,in-person,yes,10,1.201,104.73
950,zoom,yes,0,1.858,136.1
951,hybrid,no,0,2.235,103.33
952,hybrid,no,10,0.393,43.27
953,in-person,yes,10,2.682,163.76
954,hybrid,yes,5,1.682,145.21
955,zoom,no,5,1.611,24.93
956,zoom,no,10,2.491,112.92
957,zoom,no,5,3.309,15.36
958,hybrid,yes,10,0.913,90.51
959,in-person,yes,5,2.043,131.08
960,hybrid,yes,0,1.314,136.81
961,zoom,yes,10,2.628,75.12
962,hybrid,no,10,3.089,107.22
963,hybrid,no,10,1.756,76.51
964,hybrid,yes,0,0.602,54.73
965,hybrid,yes,10,0.887,48.96
966,zoom,yes,0,2.653,62.74
967,hybrid,yes,0,2.165,105.41
968,hybrid,no,10,2.916,104.33
969,in-person,yes,10,2.76,92.3
970,in-person,no,0,0.35,12.54
971,hybrid,no,10,3.751,130.05
972,hybrid,yes,10,2.904,81.54
973,zoom,yes,0,0.571,16.79
974,zoom,yes,10,3.403,20.76
975,hybrid,no,0,1.151,142.4
976,in-person,no,10,0.839,176.54
977,zoom,yes,5,0.285,121.55
978,hybrid,yes,0,2.037,30.79
979,in-person,no,10,0.048,168.79
980,zoom,yes,0,1.2,51.44
981,hybrid,no,5,0.491,152.98
982,in-person,yes,10,0.647,158.68
983,in-person,yes,0,2.956,7.25
984,in-person,yes,10,2.953,37.6
985,hybrid,no,10,1.987,129.05
986,in-person,yes,10,3.687,83.63
987,hybrid,no,5,1.796,90.77
988,in-person,no,10,3.129,109.97
989,zoom,yes,10,0.407,13.47
990,zoom,yes,0,2.614,39.91
991,in-person,no,5,1.693,139.3
992,zoom,yes,10,1.125,112.54
993,hybrid,yes,10,2.833,176.84
994,in-person,yes,5,2.935,171.78
995,in-person,yes,10,3.915,144.75
996,in-person,yes,5,3.595,71.81
997,zoom,yes,10,3.94,85.64
998,in-person,no,10,3.805,16.64
999,hybrid,no,0,2.696,99.95
